{
  "properties": {
    "connectionReferences": {
      "shared_sharepointonline_1": {
        "runtimeSource": "embedded",
        "connection": {},
        "api": {
          "name": "shared_sharepointonline"
        }
      },
      "shared_office365_1": {
        "runtimeSource": "embedded",
        "connection": {},
        "api": {
          "name": "shared_office365"
        }
      },
      "shared_approvals": {
        "runtimeSource": "embedded",
        "connection": {},
        "api": {
          "name": "shared_approvals"
        }
      }
    },
    "definition": {
      "$schema": "https://schema.management.azure.com/providers/Microsoft.Logic/schemas/2016-06-01/workflowdefinition.json#",
      "contentVersion": "1.0.0.0",
      "parameters": {
        "$connections": {
          "defaultValue": {},
          "type": "Object"
        },
        "$authentication": {
          "defaultValue": {},
          "type": "SecureObject"
        }
      },
      "triggers": {
        "When_a_file_is_created_or_modified_(properties_only)": {
          "recurrence": {
            "frequency": "Minute",
            "interval": 5
          },
          "splitOn": "@triggerOutputs()?['body/value']",
          "metadata": {
            "operationMetadataId": "e4d880f3-c233-43ad-9388-fb414d746e97"
          },
          "type": "OpenApiConnection",
          "inputs": {
            "host": {
              "apiId": "/providers/Microsoft.PowerApps/apis/shared_sharepointonline",
              "connectionName": "shared_sharepointonline_1",
              "operationId": "GetOnUpdatedFileItems"
            },
            "parameters": {
              "dataset": "https://evolvegs.sharepoint.com/sites/DocumentManagement/",
              "table": "5f0f2e02-ec1c-45a6-a57c-70c352d64b50"
            },
            "authentication": "@parameters('$authentication')"
          },
          "conditions": [
            {
              "expression": "@equals(triggerBody()?['Sign_x002d_off_x0020_status'], 'Processing...')"
            }
          ]
        }
      },
      "actions": {
        "Get_item": {
          "runAfter": {
            "Initialize_variable_-_Line_Rerutn": [
              "Succeeded"
            ]
          },
          "metadata": {
            "operationMetadataId": "8315f5a9-6867-4ea1-9822-1958883a5a69"
          },
          "type": "OpenApiConnection",
          "inputs": {
            "host": {
              "apiId": "/providers/Microsoft.PowerApps/apis/shared_sharepointonline",
              "connectionName": "shared_sharepointonline_1",
              "operationId": "GetItem"
            },
            "parameters": {
              "dataset": "@variables('SharePointUrl')",
              "table": "@variables('LibraryName')",
              "id": "@triggerOutputs()?['body/ID']"
            },
            "authentication": "@parameters('$authentication')"
          }
        },
        "Approvers_Variable_Approvers": {
          "runAfter": {
            "Initialize_variable_ApprovalsCounter": [
              "Succeeded"
            ]
          },
          "metadata": {
            "operationMetadataId": "7aab89f2-a23d-4654-a601-f89e4430a00d"
          },
          "type": "InitializeVariable",
          "inputs": {
            "variables": [
              {
                "name": "Approvers",
                "type": "string"
              }
            ]
          }
        },
        "Parse_JSON": {
          "runAfter": {
            "Get_item": [
              "Succeeded"
            ]
          },
          "metadata": {
            "operationMetadataId": "85227786-28d5-46cf-8aef-ef5c404e41aa"
          },
          "type": "ParseJson",
          "inputs": {
            "content": "@body('Get_item')",
            "schema": {
              "type": "object",
              "properties": {
                "@@odata.etag": {
                  "type": "string"
                },
                "ItemInternalId": {
                  "type": "string"
                },
                "ID": {
                  "type": "integer"
                },
                "InvoiceApprovers": {
                  "type": "array",
                  "items": {
                    "type": "object",
                    "properties": {
                      "@@odata.type": {
                        "type": "string"
                      },
                      "Claims": {
                        "type": "string"
                      },
                      "DisplayName": {
                        "type": "string"
                      },
                      "Email": {
                        "type": "string"
                      },
                      "Picture": {
                        "type": "string"
                      },
                      "Department": {},
                      "JobTitle": {}
                    },
                    "required": [
                      "@@odata.type",
                      "Claims",
                      "DisplayName",
                      "Email",
                      "Picture",
                      "Department",
                      "JobTitle"
                    ]
                  }
                },
                "InvoiceApprovers@odata.type": {
                  "type": "string"
                },
                "InvoiceApprovers#Claims": {
                  "type": "array",
                  "items": {
                    "type": "string"
                  }
                },
                "InvoiceApprovers#Claims@odata.type": {
                  "type": "string"
                },
                "ApprovedProgress": {
                  "type": "string"
                },
                "Sign_x002d_off_x0020_status": {
                  "type": "string"
                },
                "TotalApprovers": {
                  "type": "integer"
                },
                "TotalApproved": {
                  "type": "integer"
                },
                "DocumentType": {
                  "type": "object",
                  "properties": {
                    "@@odata.type": {
                      "type": "string"
                    },
                    "Id": {
                      "type": "integer"
                    },
                    "Value": {
                      "type": "string"
                    }
                  }
                },
                "DocumentType#Id": {
                  "type": "integer"
                },
                "SharedWithUsers": {
                  "type": "array"
                },
                "SharedWithUsers@odata.type": {
                  "type": "string"
                },
                "SharedWithUsers#Claims": {
                  "type": "array"
                },
                "SharedWithUsers#Claims@odata.type": {
                  "type": "string"
                },
                "MediaServiceImageTags": {
                  "type": "array"
                },
                "MediaServiceImageTags@odata.type": {
                  "type": "string"
                },
                "MediaServiceImageTags#WssId": {
                  "type": "array"
                },
                "MediaServiceImageTags#WssId@odata.type": {
                  "type": "string"
                },
                "Created": {
                  "type": "string"
                },
                "Author": {
                  "type": "object",
                  "properties": {
                    "@@odata.type": {
                      "type": "string"
                    },
                    "Claims": {
                      "type": "string"
                    },
                    "DisplayName": {
                      "type": "string"
                    },
                    "Email": {
                      "type": "string"
                    },
                    "Picture": {
                      "type": "string"
                    },
                    "Department": {},
                    "JobTitle": {}
                  }
                },
                "Author#Claims": {
                  "type": "string"
                },
                "Modified": {
                  "type": "string"
                },
                "Editor": {
                  "type": "object",
                  "properties": {
                    "@@odata.type": {
                      "type": "string"
                    },
                    "Claims": {
                      "type": "string"
                    },
                    "DisplayName": {
                      "type": "string"
                    },
                    "Email": {
                      "type": "string"
                    },
                    "Picture": {
                      "type": "string"
                    },
                    "Department": {
                      "type": "string"
                    },
                    "JobTitle": {
                      "type": "string"
                    }
                  }
                },
                "Editor#Claims": {
                  "type": "string"
                },
                "OData__DisplayName": {
                  "type": "string"
                },
                "{Identifier}": {
                  "type": "string"
                },
                "{IsFolder}": {
                  "type": "boolean"
                },
                "{Thumbnail}": {
                  "type": "object",
                  "properties": {
                    "Large": {
                      "type": "string"
                    },
                    "Medium": {
                      "type": "string"
                    },
                    "Small": {
                      "type": "string"
                    }
                  }
                },
                "{Link}": {
                  "type": "string"
                },
                "{Name}": {
                  "type": "string"
                },
                "{FilenameWithExtension}": {
                  "type": "string"
                },
                "{Path}": {
                  "type": "string"
                },
                "{FullPath}": {
                  "type": "string"
                },
                "{ModerationStatus}": {
                  "type": "string"
                },
                "{IsCheckedOut}": {
                  "type": "boolean"
                },
                "{VersionNumber}": {
                  "type": "string"
                }
              }
            }
          }
        },
        "Apply_to_each_-_Initialize_approvers_emails": {
          "foreach": "@body('Parse_JSON')?['InvoiceApprovers']",
          "actions": {
            "Append_to_string_variable_Approvers": {
              "runAfter": {},
              "metadata": {
                "operationMetadataId": "4ca90930-43c0-46a0-ac70-c1f057420dab"
              },
              "type": "AppendToStringVariable",
              "inputs": {
                "name": "Approvers",
                "value": "@{items('Apply_to_each_-_Initialize_approvers_emails')?['Email']};"
              }
            },
            "Append_to_array_variable_-_ApproversArray": {
              "runAfter": {
                "Append_to_string_variable_Approvers": [
                  "Succeeded"
                ]
              },
              "metadata": {
                "operationMetadataId": "a88202fb-a071-4c84-a522-a4c94ba62504"
              },
              "type": "AppendToArrayVariable",
              "inputs": {
                "name": "ApproversArray",
                "value": "@items('Apply_to_each_-_Initialize_approvers_emails')?['Email']"
              }
            },
            "Append_to_array_variable": {
              "runAfter": {
                "Append_to_array_variable_-_ApproversArray": [
                  "Succeeded"
                ]
              },
              "metadata": {
                "operationMetadataId": "000abadf-52c2-4cc9-a514-954483e52c82"
              },
              "type": "AppendToArrayVariable",
              "inputs": {
                "name": "ApprovalsStatusArray",
                "value": {
                  "email": "@{items('Apply_to_each_-_Initialize_approvers_emails')?['Email']}",
                  "status": "blank"
                }
              }
            }
          },
          "runAfter": {
            "Parse_JSON": [
              "Succeeded"
            ]
          },
          "metadata": {
            "operationMetadataId": "4bf2734b-ece1-471e-93af-bf72c416cbfa"
          },
          "type": "Foreach"
        },
        "Condition": {
          "actions": {
            "Send_an_email_(V2)_2": {
              "runAfter": {},
              "metadata": {
                "operationMetadataId": "724d7e92-2ece-4991-a705-da75cfe7f22e"
              },
              "type": "OpenApiConnection",
              "inputs": {
                "host": {
                  "apiId": "/providers/Microsoft.PowerApps/apis/shared_office365",
                  "connectionName": "shared_office365_1",
                  "operationId": "SendEmailV2"
                },
                "parameters": {
                  "emailMessage/To": "@variables('InvoiceAdministrator')",
                  "emailMessage/Subject": " @{triggerOutputs()?['body/{Name}']} has been @{variables('ApprovalStatus')}",
                  "emailMessage/Body": "<p><br>\n@{outputs('Get_item')?['body/{FilenameWithExtension}']} has been<strong> </strong><strong>@{variables('ApprovalStatus')}</strong><strong> </strong>see the approval details below:<br>\n<br>\n<strong>File Version: </strong>@{outputs('Get_item')?['body/{VersionNumber}']}<br>\n<br>\n<strong>Approval Tracking:</strong><br>\n<br>\n@{outputs('ComposeCommentsEmail')}<br>\n</p>"
                },
                "authentication": "@parameters('$authentication')"
              }
            }
          },
          "runAfter": {
            "ComposeCommentsEmail": [
              "Succeeded"
            ]
          },
          "else": {
            "actions": {
              "Send_an_email_(V2)_3": {
                "runAfter": {},
                "metadata": {
                  "operationMetadataId": "e365c107-4f0f-436b-a8d0-8235aede9c25"
                },
                "type": "OpenApiConnection",
                "inputs": {
                  "host": {
                    "apiId": "/providers/Microsoft.PowerApps/apis/shared_office365",
                    "connectionName": "shared_office365_1",
                    "operationId": "SendEmailV2"
                  },
                  "parameters": {
                    "emailMessage/To": "@variables('InvoiceAdministrator')",
                    "emailMessage/Subject": " @{triggerOutputs()?['body/{Name}']} has been @{variables('ApprovalStatus')}",
                    "emailMessage/Body": "<p>@{outputs('Get_item')?['body/{FilenameWithExtension}']} has been @{variables('ApprovalStatus')} see the approval details below:<br>\n<br>\nFile Version: @{outputs('Get_item')?['body/{VersionNumber}']}<br>\n<br>\nApproval Tracking:<br>\n<br>\n@{outputs('ComposeCommentsEmail')}<br>\n<br>\n</p>"
                  },
                  "authentication": "@parameters('$authentication')"
                }
              }
            }
          },
          "expression": {
            "not": {
              "equals": [
                "@variables('ApprovalStatus')",
                "Pending"
              ]
            }
          },
          "metadata": {
            "operationMetadataId": "26fb5046-33d5-48d9-a194-dec56c94bf25"
          },
          "type": "If"
        },
        "Approvals_Done_variable_Boolean": {
          "runAfter": {
            "Initialize_variable_Approvers_with_Access": [
              "Succeeded"
            ]
          },
          "metadata": {
            "operationMetadataId": "4e74c764-3855-4640-b83a-6688b93374be"
          },
          "type": "InitializeVariable",
          "inputs": {
            "variables": [
              {
                "name": "ApprovalDone",
                "type": "boolean",
                "value": false
              }
            ]
          }
        },
        "Set_variable": {
          "runAfter": {
            "Apply_to_each_-_All_the_Approvals": [
              "Succeeded"
            ]
          },
          "metadata": {
            "operationMetadataId": "79c5356a-6f3a-4640-a614-61dfc4499a84"
          },
          "type": "SetVariable",
          "inputs": {
            "name": "ApprovalDone",
            "value": "@true"
          }
        },
        "Initialize_variable_ApprovalStatusPending": {
          "runAfter": {
            "Initialize_variable_-_ApproversArray": [
              "Succeeded"
            ]
          },
          "metadata": {
            "operationMetadataId": "4db37079-d490-4a96-aa1a-9d7f93f96792"
          },
          "type": "InitializeVariable",
          "inputs": {
            "variables": [
              {
                "name": "ApprovalStatus",
                "type": "string",
                "value": "Pending"
              }
            ]
          }
        },
        "Set_variable_Total_Number_of_Approvers": {
          "runAfter": {
            "Grant_access_to_an_item_or_a_folder": [
              "Succeeded"
            ]
          },
          "metadata": {
            "operationMetadataId": "8f2462c2-b1c0-4c33-af64-b44d1e26e8b7"
          },
          "type": "SetVariable",
          "inputs": {
            "name": "TotalNumberofApprovals",
            "value": "@length(variables('ApproversArray'))"
          }
        },
        "Initialize_variable_ApprovalsCounter": {
          "runAfter": {
            "Initialize_variable_ApprovalStatusPending": [
              "Succeeded"
            ]
          },
          "metadata": {
            "operationMetadataId": "33cb22ec-bf75-463c-91b6-6d1322b7fdd9"
          },
          "type": "InitializeVariable",
          "inputs": {
            "variables": [
              {
                "name": "ApprovalsCounter",
                "type": "integer",
                "value": 0
              }
            ]
          }
        },
        "Apply_to_each_-_All_the_Approvals": {
          "foreach": "@variables('ApprovalsStatusArray')",
          "actions": {
            "Set_variable_ApprovalTemp": {
              "runAfter": {},
              "metadata": {
                "operationMetadataId": "3a4a2314-a451-4ea3-ad18-06fa4fb6164c"
              },
              "type": "SetVariable",
              "inputs": {
                "name": "ApprovalTemp",
                "value": false
              }
            },
            "Condition_2": {
              "actions": {
                "Wait_for_an_approval_2": {
                  "runAfter": {
                    "Create_an_approval_2": [
                      "Succeeded"
                    ]
                  },
                  "metadata": {
                    "operationMetadataId": "2e0a61bb-24aa-414a-9248-dde38068d980"
                  },
                  "type": "OpenApiConnectionWebhook",
                  "inputs": {
                    "host": {
                      "apiId": "/providers/Microsoft.PowerApps/apis/shared_approvals",
                      "connectionName": "shared_approvals",
                      "operationId": "WaitForAnApproval"
                    },
                    "parameters": {
                      "approvalName": "@outputs('Create_an_approval_2')?['body/name']"
                    },
                    "authentication": "@parameters('$authentication')"
                  }
                },
                "Condition_3": {
                  "actions": {
                    "Apply_to_each-Aux_Array_to_update_the_approvers_and_break_the_reminders_loop": {
                      "foreach": "@variables('ApprovalsStatusArray')",
                      "actions": {
                        "Fill_the_Aux_Array_to_update_the_approvers_and_break_the_reminders_loop": {
                          "actions": {
                            "Append_to_array_variable_-_Aux_Array_used_for_reminders": {
                              "runAfter": {},
                              "metadata": {
                                "operationMetadataId": "5e909ac3-1f9f-4d1c-ab6e-31b3790d4543"
                              },
                              "type": "AppendToArrayVariable",
                              "inputs": {
                                "name": "ApprovalStatusArrayAux",
                                "value": {
                                  "email": "@{variables('TempStringApprover')}",
                                  "status": "Approved"
                                }
                              }
                            }
                          },
                          "runAfter": {
                            "Set_variable_3": [
                              "Succeeded"
                            ]
                          },
                          "else": {
                            "actions": {
                              "Append_to_array_variable_-_Aux_Array_used_for_reminders_2": {
                                "runAfter": {},
                                "metadata": {
                                  "operationMetadataId": "59312edc-0267-4ae4-8df1-1a323348820b"
                                },
                                "type": "AppendToArrayVariable",
                                "inputs": {
                                  "name": "ApprovalStatusArrayAux",
                                  "value": "@items('Apply_to_each-Aux_Array_to_update_the_approvers_and_break_the_reminders_loop')"
                                }
                              }
                            }
                          },
                          "expression": {
                            "equals": [
                              "@variables('TempStringApprover')",
                              "@variables('TempStringApprover2')"
                            ]
                          },
                          "metadata": {
                            "operationMetadataId": "58934adb-7267-454e-bf79-534cd58384f3"
                          },
                          "type": "If"
                        },
                        "ApprovalAuxDelete": {
                          "runAfter": {
                            "Fill_the_Aux_Array_to_update_the_approvers_and_break_the_reminders_loop": [
                              "Succeeded"
                            ]
                          },
                          "metadata": {
                            "operationMetadataId": "13178110-98d4-492d-9010-f5b508bc6262"
                          },
                          "type": "Compose",
                          "inputs": "@variables('ApprovalStatusArrayAux')"
                        },
                        "Set_variable_3": {
                          "runAfter": {
                            "Set_variable_2_-_May_not_be_in_use": [
                              "Succeeded"
                            ]
                          },
                          "metadata": {
                            "operationMetadataId": "c0108a61-f9d9-483e-b709-38cbb47c3dc2"
                          },
                          "type": "SetVariable",
                          "inputs": {
                            "name": "TempStringApprover2",
                            "value": "@{items('Apply_to_each_-_All_the_Approvals')?['email']}"
                          }
                        },
                        "Set_variable_2_-_May_not_be_in_use": {
                          "runAfter": {},
                          "metadata": {
                            "operationMetadataId": "7813f20d-8f64-4a2a-9d8e-49747d30cd1a"
                          },
                          "type": "SetVariable",
                          "inputs": {
                            "name": "TempStringApprover",
                            "value": "@{items('Apply_to_each-Aux_Array_to_update_the_approvers_and_break_the_reminders_loop')?['email']}"
                          }
                        }
                      },
                      "runAfter": {
                        "Set_variable_ApprovalStatus_-_Approved": [
                          "Succeeded"
                        ]
                      },
                      "metadata": {
                        "operationMetadataId": "13fd069f-3849-4792-b39b-392bbfe11dd9"
                      },
                      "type": "Foreach"
                    },
                    "Set_variable_ApprovalStatus_-_Approved": {
                      "runAfter": {},
                      "metadata": {
                        "operationMetadataId": "14ec1744-849b-4566-b043-c5521cfb8176"
                      },
                      "type": "SetVariable",
                      "inputs": {
                        "name": "ApprovalStatus",
                        "value": "Approved"
                      }
                    },
                    "Send_an_HTTP_request_-_Update_Comments_Approval": {
                      "runAfter": {
                        "Apply_to_each": [
                          "Succeeded"
                        ]
                      },
                      "metadata": {
                        "operationMetadataId": "3761c4cf-1c82-4da3-95df-5e5a7f5834e0"
                      },
                      "type": "OpenApiConnection",
                      "inputs": {
                        "host": {
                          "apiId": "/providers/Microsoft.PowerApps/apis/shared_sharepointonline",
                          "connectionName": "shared_sharepointonline_1",
                          "operationId": "HttpRequest"
                        },
                        "parameters": {
                          "dataset": "@variables('SharePointUrl')",
                          "parameters/method": "POST",
                          "parameters/uri": "_api/web/lists/GetByTitle('@{variables('LibraryName')}')/items(@{triggerOutputs()?['body/ID']})",
                          "parameters/headers": {
                            "IF-MATCH": "*",
                            "X-HTTP-Method": "MERGE",
                            "Content-Type": "application/json;odata=verbose"
                          },
                          "parameters/body": "{'__metadata':\n { 'type': 'SP.Data.@{variables('LibraryNameEncode')}' }\n, 'Comments': '@{concat(outputs('Get_item_-_Read_Comments')?['body/Comments'],string(variables('linereturn')),outputs('Wait_for_an_approval_2')?['body/responseSummary'], json('{\"NL\":\"\\n\"}')?['NL'],'Response Comments: ',variables('CommentsIndividual') )}'\n, '@{variables('TotalNumberApproved-SPName')}':'@{variables('ApprovalsCounter')}'\n}"
                        },
                        "authentication": "@parameters('$authentication')"
                      }
                    },
                    "Get_item_-_Read_Comments": {
                      "runAfter": {
                        "Apply_to_each-Aux_Array_to_update_the_approvers_and_break_the_reminders_loop": [
                          "Succeeded"
                        ]
                      },
                      "metadata": {
                        "operationMetadataId": "ca256aa5-60f7-4ce8-bd8a-ca44ed53d887"
                      },
                      "type": "OpenApiConnection",
                      "inputs": {
                        "host": {
                          "apiId": "/providers/Microsoft.PowerApps/apis/shared_sharepointonline",
                          "connectionName": "shared_sharepointonline_1",
                          "operationId": "GetItem"
                        },
                        "parameters": {
                          "dataset": "@variables('SharePointUrl')",
                          "table": "@variables('LibraryName')",
                          "id": "@triggerOutputs()?['body/ID']"
                        },
                        "authentication": "@parameters('$authentication')"
                      }
                    },
                    "Apply_to_each": {
                      "foreach": "@outputs('Wait_for_an_approval_2')?['body/responses']",
                      "actions": {
                        "Comments_Compose": {
                          "runAfter": {},
                          "metadata": {
                            "operationMetadataId": "138de858-802b-4066-a3c7-0782a29956c1"
                          },
                          "type": "Compose",
                          "inputs": "@items('Apply_to_each')?['comments']"
                        },
                        "Set_variable_2": {
                          "runAfter": {
                            "Comments_Compose": [
                              "Succeeded"
                            ]
                          },
                          "metadata": {
                            "operationMetadataId": "61e557d2-5741-4bb4-a168-0371003133d8"
                          },
                          "type": "SetVariable",
                          "inputs": {
                            "name": "CommentsIndividual",
                            "value": "@{outputs('Comments_Compose')}"
                          }
                        }
                      },
                      "runAfter": {
                        "Get_item_-_Read_Comments": [
                          "Succeeded"
                        ]
                      },
                      "metadata": {
                        "operationMetadataId": "1f6644fa-9e04-4951-b5fd-b4a0f13cc414"
                      },
                      "type": "Foreach"
                    }
                  },
                  "runAfter": {
                    "Set_variable_4_-_ApprovalTemp": [
                      "Succeeded"
                    ]
                  },
                  "else": {
                    "actions": {
                      "Set_variable_ApprovalStatus_-_Rejected": {
                        "runAfter": {},
                        "metadata": {
                          "operationMetadataId": "2335b83a-0f70-4db6-bc90-e196a40df527"
                        },
                        "type": "SetVariable",
                        "inputs": {
                          "name": "ApprovalStatus",
                          "value": "Rejected"
                        }
                      },
                      "Get_item_-_Read_Comments_Rejection": {
                        "runAfter": {
                          "Set_variable_ApprovalStatus_-_Rejected": [
                            "Succeeded"
                          ]
                        },
                        "metadata": {
                          "operationMetadataId": "ca256aa5-60f7-4ce8-bd8a-ca44ed53d887"
                        },
                        "type": "OpenApiConnection",
                        "inputs": {
                          "host": {
                            "apiId": "/providers/Microsoft.PowerApps/apis/shared_sharepointonline",
                            "connectionName": "shared_sharepointonline_1",
                            "operationId": "GetItem"
                          },
                          "parameters": {
                            "dataset": "@variables('SharePointUrl')",
                            "table": "@variables('LibraryName')",
                            "id": "@triggerOutputs()?['body/ID']"
                          },
                          "authentication": "@parameters('$authentication')"
                        }
                      },
                      "Send_an_HTTP_request_-_Update_Comments_Rejection": {
                        "runAfter": {
                          "Get_item_-_Read_Comments_Rejection": [
                            "Succeeded"
                          ]
                        },
                        "metadata": {
                          "operationMetadataId": "6a23fb5a-a025-4df3-8840-36266e0fe278"
                        },
                        "type": "OpenApiConnection",
                        "inputs": {
                          "host": {
                            "apiId": "/providers/Microsoft.PowerApps/apis/shared_sharepointonline",
                            "connectionName": "shared_sharepointonline_1",
                            "operationId": "HttpRequest"
                          },
                          "parameters": {
                            "dataset": "https://evolvegs.sharepoint.com/sites/TestPlan",
                            "parameters/method": "POST",
                            "parameters/uri": "_api/web/lists/GetByTitle('@{variables('LibraryName')}')/items(@{triggerOutputs()?['body/ID']})",
                            "parameters/headers": {
                              "IF-MATCH": "*",
                              "X-HTTP-Method": "MERGE",
                              "Content-Type": "application/json;odata=verbose"
                            },
                            "parameters/body": "{'__metadata':\n { 'type': 'SP.Data.@{variables('LibraryNameEncode')}' }\n, 'Comments': '@{concat(outputs('Get_item')?['body/Comments'])}'\n, 'Sign_x002d_off_x0020_status': '@{variables('ApprovalStatus')}'\n,'@{variables('TotalNumberApproved-SPName')}':'@{variables('ApprovalsCounter')}'\n}"
                          },
                          "authentication": "@parameters('$authentication')"
                        }
                      }
                    }
                  },
                  "expression": {
                    "equals": [
                      "@outputs('Wait_for_an_approval_2')?['body/outcome']",
                      "Approve"
                    ]
                  },
                  "metadata": {
                    "operationMetadataId": "b65121e3-f47b-4c1f-b641-2b888500dad0"
                  },
                  "type": "If"
                },
                "Create_an_approval_2": {
                  "runAfter": {},
                  "metadata": {
                    "operationMetadataId": "02ff0dc4-80b6-43f0-8493-b2deee1a0787"
                  },
                  "type": "OpenApiConnection",
                  "inputs": {
                    "host": {
                      "apiId": "/providers/Microsoft.PowerApps/apis/shared_approvals",
                      "connectionName": "shared_approvals",
                      "operationId": "CreateAnApproval"
                    },
                    "parameters": {
                      "approvalType": "Basic",
                      "ApprovalCreationInput/title": "Please approve the following @{variables('DocumentType')} @{outputs('Get_item')?['body/{Name}']}",
                      "ApprovalCreationInput/assignedTo": "@items('Apply_to_each_-_All_the_Approvals')?['email']",
                      "ApprovalCreationInput/details": "Click on the button below to approve the @{variables('DocumentType')}, there may be other approvers in the workflow.\nIn order to review the @{variables('DocumentType')} click on the hyperlink above. (space)\nIf you have any questions please contact @{variables('InvoiceAdministrator')}.",
                      "ApprovalCreationInput/itemLink": "@outputs('Get_item')?['body/{Link}']",
                      "ApprovalCreationInput/itemLinkDescription": "@outputs('Get_item')?['body/Title']",
                      "ApprovalCreationInput/requestor": "@{variables('InvoiceAdministrator')};",
                      "ApprovalCreationInput/enableNotifications": true,
                      "ApprovalCreationInput/enableReassignment": true
                    },
                    "authentication": "@parameters('$authentication')"
                  }
                },
                "Set_variable_4_-_ApprovalTemp": {
                  "runAfter": {
                    "Wait_for_an_approval_2": [
                      "Succeeded"
                    ]
                  },
                  "metadata": {
                    "operationMetadataId": "b6b43e18-24c3-4ee8-ab00-4601c7ff40f2"
                  },
                  "type": "SetVariable",
                  "inputs": {
                    "name": "ApprovalTemp",
                    "value": "@true"
                  }
                }
              },
              "runAfter": {
                "Increment_variable_Approvals_Counter": [
                  "Succeeded"
                ]
              },
              "else": {
                "actions": {
                  "Set_variable_-_ApprovalStatus": {
                    "runAfter": {},
                    "metadata": {
                      "operationMetadataId": "cf6b75be-982a-4a39-8240-55e10213fcbd"
                    },
                    "type": "SetVariable",
                    "inputs": {
                      "name": "ApprovalStatus",
                      "value": "Rejected"
                    }
                  }
                }
              },
              "expression": {
                "not": {
                  "equals": [
                    "@variables('ApprovalStatus')",
                    "Rejected"
                  ]
                }
              },
              "metadata": {
                "operationMetadataId": "0143d9ae-4a59-47d4-8ef6-76b2cef938bf"
              },
              "type": "If"
            },
            "Increment_variable_Approvals_Counter": {
              "runAfter": {
                "Set_variable_ApprovalTemp": [
                  "Succeeded"
                ]
              },
              "metadata": {
                "operationMetadataId": "9f17ad61-9800-45d0-886b-a948358b1386"
              },
              "type": "IncrementVariable",
              "inputs": {
                "name": "ApprovalsCounter",
                "value": 1
              }
            }
          },
          "runAfter": {
            "Send_an_HTTP_request_to_SharePoint_2": [
              "Succeeded"
            ]
          },
          "metadata": {
            "operationMetadataId": "c3a0e117-a338-4e50-87f6-89a6bbeef89c"
          },
          "type": "Foreach"
        },
        "Initialize_variable_ApprovalTemp": {
          "runAfter": {
            "Approvals_Done_variable_Boolean": [
              "Succeeded"
            ]
          },
          "metadata": {
            "operationMetadataId": "ecff0bcd-13ed-4649-aaf6-9c3e281a37a8"
          },
          "type": "InitializeVariable",
          "inputs": {
            "variables": [
              {
                "name": "ApprovalTemp",
                "type": "boolean",
                "value": false
              }
            ]
          }
        },
        "Initialize_variable_-_ApproversArray": {
          "runAfter": {
            "Initialize_variable_Document_Type": [
              "Succeeded"
            ]
          },
          "metadata": {
            "operationMetadataId": "0c14c8ed-04ce-44f8-847c-7a30814851e1"
          },
          "type": "InitializeVariable",
          "inputs": {
            "variables": [
              {
                "name": "ApproversArray",
                "type": "array"
              }
            ]
          }
        },
        "Initialize_variable_-_Document_Administrator": {
          "runAfter": {
            "Initialize_variable_TotalNumberofApprovals": [
              "Succeeded"
            ]
          },
          "metadata": {
            "operationMetadataId": "a52dfb9f-9a7e-4fc1-9400-55e28a781849"
          },
          "type": "InitializeVariable",
          "inputs": {
            "variables": [
              {
                "name": "InvoiceAdministrator",
                "type": "string",
                "value": "guillermo.bustamante@evolvegs.ca"
              }
            ]
          }
        },
        "Initialize_variable_-_Library_Name": {
          "runAfter": {
            "Initialize_variable_-_Document_Administrator": [
              "Succeeded"
            ]
          },
          "metadata": {
            "operationMetadataId": "0cb210d7-e4cb-4d62-8fdd-20c5f018919d"
          },
          "type": "InitializeVariable",
          "inputs": {
            "variables": [
              {
                "name": "LibraryName",
                "type": "string",
                "value": "DocumentsApproval"
              }
            ]
          }
        },
        "Initialize_variable_-_Approval_Status_Array": {
          "runAfter": {
            "Initialize_variable_ApprovalTemp": [
              "Succeeded"
            ]
          },
          "metadata": {
            "operationMetadataId": "b761ccf6-be4f-4af6-b74e-80ef932e0173"
          },
          "type": "InitializeVariable",
          "inputs": {
            "variables": [
              {
                "name": "ApprovalsStatusArray",
                "type": "array"
              }
            ]
          }
        },
        "Initialize_variable_ApprovalStatusArrayAux": {
          "runAfter": {
            "Initialize_variable_-_Approval_Status_Array": [
              "Succeeded"
            ]
          },
          "metadata": {
            "operationMetadataId": "4e7994c3-7d46-460b-b552-6c1d9d85df19"
          },
          "type": "InitializeVariable",
          "inputs": {
            "variables": [
              {
                "name": "ApprovalStatusArrayAux",
                "type": "array"
              }
            ]
          }
        },
        "Initialize_variable_-_TempStringApprover": {
          "runAfter": {
            "Initialize_variable_ApprovalStatusArrayAux": [
              "Succeeded"
            ]
          },
          "metadata": {
            "operationMetadataId": "f8bbe7f0-ecc8-4ed0-9335-7d3382ac0a95"
          },
          "type": "InitializeVariable",
          "inputs": {
            "variables": [
              {
                "name": "TempStringApprover",
                "type": "string"
              }
            ]
          }
        },
        "Initialize_variable_TempStringApprover2": {
          "runAfter": {
            "Initialize_variable_-_TempStringApprover": [
              "Succeeded"
            ]
          },
          "metadata": {
            "operationMetadataId": "9c9c4709-bbdf-42e7-ae0d-c21874fd9417"
          },
          "type": "InitializeVariable",
          "inputs": {
            "variables": [
              {
                "name": "TempStringApprover2",
                "type": "string"
              }
            ]
          }
        },
        "Initialize_variable_-_Site_URL": {
          "runAfter": {
            "Initialize_variable_-_SignOffStatus": [
              "Succeeded"
            ]
          },
          "metadata": {
            "operationMetadataId": "df86a259-4c2b-4a2e-a4a1-ff21b52d596c"
          },
          "type": "InitializeVariable",
          "inputs": {
            "variables": [
              {
                "name": "SharePointUrl",
                "type": "string",
                "value": "https://evolvegs.sharepoint.com/sites/DocumentManagement/"
              }
            ]
          }
        },
        "Initialize_variable_Comments": {
          "runAfter": {
            "Initialize_variable_TempStringApprover2": [
              "Succeeded"
            ]
          },
          "metadata": {
            "operationMetadataId": "1ae24aed-c84c-48a6-9412-fb04f14427d2"
          },
          "type": "InitializeVariable",
          "inputs": {
            "variables": [
              {
                "name": "CommentsIndividual",
                "type": "string"
              }
            ]
          }
        },
        "Initialize_variable_Document_Type": {
          "runAfter": {
            "Initialize_variable_-_Site_URL": [
              "Succeeded"
            ]
          },
          "metadata": {
            "operationMetadataId": "96540db7-25da-4a78-8004-3651a75b4466"
          },
          "type": "InitializeVariable",
          "inputs": {
            "variables": [
              {
                "name": "DocumentType",
                "type": "string",
                "value": "Invoice"
              }
            ]
          }
        },
        "Send_an_HTTP_request_to_SharePoint": {
          "runAfter": {
            "Set_variable": [
              "Succeeded"
            ]
          },
          "metadata": {
            "operationMetadataId": "3761c4cf-1c82-4da3-95df-5e5a7f5834e0"
          },
          "type": "OpenApiConnection",
          "inputs": {
            "host": {
              "apiId": "/providers/Microsoft.PowerApps/apis/shared_sharepointonline",
              "connectionName": "shared_sharepointonline_1",
              "operationId": "HttpRequest"
            },
            "parameters": {
              "dataset": "@variables('SharePointUrl')",
              "parameters/method": "POST",
              "parameters/uri": "_api/web/lists/GetByTitle('@{variables('LibraryName')}')/items(@{triggerOutputs()?['body/ID']})",
              "parameters/headers": {
                "IF-MATCH": "*",
                "X-HTTP-Method": "MERGE",
                "Content-Type": "application/json;odata=verbose"
              },
              "parameters/body": "{'__metadata':\n { 'type': 'SP.Data.@{variables('LibraryNameEncode')}' }\n, '@{variables('SignOffStatus')}': '@{variables('ApprovalStatus')}'\n}"
            },
            "authentication": "@parameters('$authentication')"
          }
        },
        "Get_item-Comments": {
          "runAfter": {
            "Send_an_HTTP_request_to_SharePoint": [
              "Succeeded"
            ]
          },
          "metadata": {
            "operationMetadataId": "e1cced1a-d80e-415c-a9e8-b424517ff088"
          },
          "type": "OpenApiConnection",
          "inputs": {
            "host": {
              "apiId": "/providers/Microsoft.PowerApps/apis/shared_sharepointonline",
              "connectionName": "shared_sharepointonline_1",
              "operationId": "GetItem"
            },
            "parameters": {
              "dataset": "@string(variables('SharePointUrl'))",
              "table": "@string(variables('LibraryName'))",
              "id": "@triggerOutputs()?['body/ID']"
            },
            "authentication": "@parameters('$authentication')"
          }
        },
        "Initialize_variable_-_Line_Rerutn": {
          "runAfter": {
            "Initialize_variable_Comments": [
              "Succeeded"
            ]
          },
          "metadata": {
            "operationMetadataId": "cafa64a6-af57-45bc-81c1-1a08acbd01e8"
          },
          "type": "InitializeVariable",
          "inputs": {
            "variables": [
              {
                "name": "linereturn",
                "type": "string",
                "value": "\n"
              }
            ]
          }
        },
        "Compose_Comments": {
          "runAfter": {
            "Get_item-Comments": [
              "Succeeded"
            ]
          },
          "metadata": {
            "operationMetadataId": "56a6b590-f3dc-4661-824d-faa780d72e86"
          },
          "type": "Compose",
          "inputs": "@outputs('Get_item-Comments')?['body/Comments']"
        },
        "Compose_Comments_2": {
          "runAfter": {
            "Compose_Comments": [
              "Succeeded"
            ]
          },
          "metadata": {
            "operationMetadataId": "d270a339-1e15-45d4-a097-4e52d26b9af0"
          },
          "type": "Compose",
          "inputs": "@encodeUriComponent(outputs('Compose_Comments'))"
        },
        "Compose_Comments_3": {
          "runAfter": {
            "Compose_Comments_2": [
              "Succeeded"
            ]
          },
          "metadata": {
            "operationMetadataId": "23c14dde-ed53-4872-98cc-a4e2bf1bff11"
          },
          "type": "Compose",
          "inputs": "@replace(outputs('Compose_Comments_2'),'%0A','<br>')"
        },
        "ComposeCommentsEmail": {
          "runAfter": {
            "Compose_Comments_3": [
              "Succeeded"
            ]
          },
          "metadata": {
            "operationMetadataId": "67598b19-bfe8-4757-b997-0f6d352d4648"
          },
          "type": "Compose",
          "inputs": "@decodeUriComponent(outputs('Compose_Comments_3'))"
        },
        "Initialize_variable_-_LibraryNameEncode": {
          "runAfter": {
            "Initialize_variable_-_Library_Name": [
              "Succeeded"
            ]
          },
          "metadata": {
            "operationMetadataId": "c41852ed-1a21-41de-a62c-d792eca8d82a"
          },
          "type": "InitializeVariable",
          "inputs": {
            "variables": [
              {
                "name": "LibraryNameEncode",
                "type": "string",
                "value": "DocumentsApprovalItem"
              }
            ]
          },
          "description": "Add the word 'Item' at the end of the library name (Encoded)"
        },
        "Initialize_variable_-_SignOffStatus": {
          "runAfter": {
            "Initialize_variable_-_LibraryNameEncode": [
              "Succeeded"
            ]
          },
          "metadata": {
            "operationMetadataId": "8c79fe38-1a41-4e89-bcc3-ad5486131270"
          },
          "type": "InitializeVariable",
          "inputs": {
            "variables": [
              {
                "name": "SignOffStatus",
                "type": "string",
                "value": "Sign_x002d_off_x0020_status"
              }
            ]
          }
        },
        "Send_an_HTTP_request_to_SharePoint_2": {
          "runAfter": {
            "Set_variable_Total_Number_of_Approvers": [
              "Succeeded"
            ]
          },
          "metadata": {
            "operationMetadataId": "a42f9b72-e538-4be9-99c1-1c121072a0d3"
          },
          "type": "OpenApiConnection",
          "inputs": {
            "host": {
              "apiId": "/providers/Microsoft.PowerApps/apis/shared_sharepointonline",
              "connectionName": "shared_sharepointonline_1",
              "operationId": "HttpRequest"
            },
            "parameters": {
              "dataset": "@variables('SharePointUrl')",
              "parameters/method": "POST",
              "parameters/uri": "_api/web/lists/GetByTitle('@{variables('LibraryName')}')/items(@{triggerOutputs()?['body/ID']})",
              "parameters/headers": {
                "IF-MATCH": "*",
                "X-HTTP-Method": "MERGE",
                "Content-Type": "application/json;odata=verbose"
              },
              "parameters/body": "{'__metadata':\n { 'type': 'SP.Data.@{variables('LibraryNameEncode')}' }\n, 'Sign_x002d_off_x0020_status': 'Pending'\n, '@{variables('TotalNumberApprovers-SPName')}':'@{variables('TotalNumberofApprovals')}'\n}"
            },
            "authentication": "@parameters('$authentication')"
          }
        },
        "Initialize_variable_-_TotalNumberApprovers-SPName": {
          "runAfter": {
            "Initialize_variable_-_Membership_group_ID_(GroupID)": [
              "Succeeded"
            ]
          },
          "metadata": {
            "operationMetadataId": "ae3ebaf6-ae4c-4bc8-b8d3-ee9aa5eed829"
          },
          "type": "InitializeVariable",
          "inputs": {
            "variables": [
              {
                "name": "TotalNumberApprovers-SPName",
                "type": "string",
                "value": "TotalApprovers"
              }
            ]
          },
          "description": "This is the name of the column in SharePoint that corresponds to the total number of approvers"
        },
        "Initialize_variable_-_TotalNumberApproved-SPName": {
          "runAfter": {
            "Initialize_variable_-_TotalNumberApprovers-SPName": [
              "Succeeded"
            ]
          },
          "metadata": {
            "operationMetadataId": "ae3ebaf6-ae4c-4bc8-b8d3-ee9aa5eed829"
          },
          "type": "InitializeVariable",
          "inputs": {
            "variables": [
              {
                "name": "TotalNumberApproved-SPName",
                "type": "string",
                "value": "TotalApproved"
              }
            ]
          },
          "description": "This is the name of the column in SharePoint that corresponds to the total number of approvers"
        },
        "Initialize_variable_TotalNumberofApprovals": {
          "runAfter": {
            "Initialize_variable_-_TotalNumberApproved-SPName": [
              "Succeeded"
            ]
          },
          "metadata": {
            "operationMetadataId": "33d5bab5-f938-403f-9168-5e154809d374"
          },
          "type": "InitializeVariable",
          "inputs": {
            "variables": [
              {
                "name": "TotalNumberofApprovals",
                "type": "integer",
                "value": 0
              }
            ]
          }
        },
        "Grant_access_to_an_item_or_a_folder": {
          "runAfter": {
            "Apply_to_each_-_Initialize_approvers_emails": [
              "Succeeded"
            ]
          },
          "metadata": {
            "operationMetadataId": "ea0147aa-c5f9-4f4a-a07d-267e6ae9e072"
          },
          "type": "OpenApiConnection",
          "inputs": {
            "host": {
              "apiId": "/providers/Microsoft.PowerApps/apis/shared_sharepointonline",
              "connectionName": "shared_sharepointonline_1",
              "operationId": "GrantAccess"
            },
            "parameters": {
              "dataset": "@variables('SharePointUrl')",
              "table": "@variables('LibraryName')",
              "id": "@triggerOutputs()?['body/ID']",
              "parameter/recipients": "@variables('Approvers')",
              "parameter/roleValue": "role:1073741827"
            },
            "authentication": "@parameters('$authentication')"
          }
        },
        "Initialize_variable_-_Membership_group_ID_(GroupID)": {
          "runAfter": {},
          "metadata": {
            "operationMetadataId": "35c5a77a-3d16-4c73-bd56-906e24c3f135"
          },
          "type": "InitializeVariable",
          "inputs": {
            "variables": [
              {
                "name": "MembershipGroupId",
                "type": "integer",
                "value": 20
              }
            ]
          }
        },
        "Initialize_variable_Approvers_with_Access": {
          "runAfter": {
            "Approvers_Variable_Approvers": [
              "Succeeded"
            ]
          },
          "metadata": {
            "operationMetadataId": "a1de62bb-68d9-40d3-8fa8-9371ff87968d"
          },
          "type": "InitializeVariable",
          "inputs": {
            "variables": [
              {
                "name": "ApproversWithAccess",
                "type": "string"
              }
            ]
          }
        }
      }
    },
    "templateName": null
  },
  "schemaVersion": "1.0.0.0"
}